Dimension,Change,Annual_Revenue,Annual_EBITDA
Pricing,-0.1,15197246.7607402,645731.5930608753
Pricing,0.0,16885829.734155778,2334314.566476453
Pricing,0.1,18574412.707571357,4022897.5398920327
OpEx,-0.05,16885829.734155778,2596028.8763781674
OpEx,0.0,16885829.734155778,2334314.566476453
OpEx,0.1,16885829.734155778,1810885.9466730244
